Store_ID,ItemNum,AltSKU
1001,werner stick,709972311250
1001,werner stick,709972311236
1001,werner stick,709972311212
1001,werner reg,709972800877
1001,werner reg,709972800860
1001,werner reg,709972800839
1001,werner reg,709972800396
1001,werner reg,709972800372
1001,werner reg,709972800341
1001,werner reg,709972800334
1001,werner reg,709972800310
1001,werner reg,709972800242
1001,werner reg,709972800167
1001,werner reg,709972800150
1001,werner reg,709972800129
1001,werner reg,709972800112
1001,werner reg,709972800105
1001,werner reg,709972800075
1001,werner reg,709972800020
1001,werner reg,709972800013
1001,tostitos salsa 15oz,028400055994
1001,tostitos salsa 15oz,028400055987
1001,tostitos salsa 15oz,028400055970
1001,tostitos queso 15oz,028400070980
1001,tostitos queso 15oz,028400058407
1001,svenhard 2oz,071166001071
1001,svenhard 2oz,071166001057
1001,svenhard 2oz,071166001033
1001,svenhard 2oz,071166001026
1001,svenhard 2oz,071166001019
1001,speedstickwoman,022200954419
1001,speedstickman,022200940221
1001,speedstickman,022200940207
1001,speedstickman,022200004831
1001,speedstickman,022200003247
1001,Solo plastic cup,041165416206
1001,Solo plastic cup,041165412291
1001,shaker,700522102083
1001,sc510,735975811268
1001,sc50f,735975811114
1001,sc50e,735975808664
1001,sc50c,735975808602
1001,sc50b,735975808541
1001,sc50a,735975808558
1001,sc509,735975808633
1001,sc508,735975811183
1001,sc507,735975811152
1001,sc506,735975811084
1001,sc505,735975808329
1001,sc504,735975808442
1001,sc503,735975808510
1001,sc502,735975811046
1001,sc501,735975811220
1001,sc320,735975608509
1001,sc319,735975611172
1001,sc318,735975611073
1001,sc317,735975608530
1001,sc316,735975608363
1001,sc315,735975607045
1001,sc314,735975607304
1001,sc313,735975606895
1001,sc312,735975608592
1001,sc311,735975611257
1001,sc310,735975607212
1001,sc309,735975607731
1001,sc308,735975608653
1001,sc307,735975607083
1001,sc306,735975608622
1001,sc305,735975606970
1001,sc304,735975608394
1001,sc303,735975611035
1001,sc302,735975611141
1001,sc301,735975607397
1001,sc220,735975408529
1001,sc219,735975407201
1001,sc217,735975411062
1001,sc216,735975408314
1001,sc215,735975411130
1001,sc214,735975408642
1001,sc213,735975408581
1001,sc212,735975411161
1001,sc211,735975411024
1001,sc210,735975407249
1001,sc20a,735975311003
1001,sc209,735975408611
1001,sc208,735975407119
1001,sc208,735975406846
1001,sc208,735975406594
1001,sc208,684276
1001,sc207,735975407416
1001,sc205,735975411109
1001,sc204,735975408420
1001,sc203,735975411215
1001,sc202,735975407294
1001,sc201,735975406969
1001,sc120,735975207375
1001,sc119,735975207238
1001,sc118,735975208006
1001,sc117,735975208488
1001,sc116,735975207450
1001,sc115,735975208341
1001,sc114,735975207184
1001,sc113,735975207191
1001,sc112,735975207498
1001,sc111,735975211099
1001,sc110,735975211051
1001,sc10h,735975111238
1001,sc10d,735975111191
1001,sc10a,735975111122
1001,sc109,735975208419
1001,sc108,735975211204
1001,sc107,735975207320
1001,sc106,735975211242
1001,sc105,735975108566
1001,sc104,735975108474
1001,sc103,735975107620
1001,sc102,735975108672
1001,sc101,735975108337
1001,razors 2pk,841058025009
1001,razors 2pk,675690501412
1001,razors 2pk,3014260294298
1001,razors 2pk,070330713802
1001,quiss 16oz,877621000241
1001,quiss 16oz,877621000234
1001,quiss 16oz,877621000227
1001,planter 2/1,029000075368
1001,planter 2/1,029000072336
1001,pemmican 599,026200593500
1001,pemmican 599,026200584607
1001,pemmican 599,026200584409
1001,pemmican 599,026200584003
1001,pemmican 599,026200581804
1001,pc99,844698037487
1001,pc98,839503001098
1001,pc97,654367584125
1001,pc96,895556001041
1001,pc95,038389256053
1001,pc94,854982001681
1001,pc93,895556001140
1001,pc91,895556001607
1001,pc89,844698033762
1001,pc88,884154451051
1001,pc87,895556001027
1001,pc85,855585000323
1001,pc84,002105048208
1001,pc83,895556001058
1001,pc82,038389241059
1001,pc81,884154428053
1001,pc80,895556001249
1001,pc79,844698044553
1001,pc78,895556001171
1001,pc76,875422007971
1001,pc75,895556001904
1001,pc74,895556001270
1001,pc73,875422009647
1001,pc72,912401810143
1001,pc71,875422000767
1001,pc7,838389473050
1001,pc69,646279599618
1001,pc69,646279599595
1001,pc68,875422008268
1001,pc67,875422005885
1001,pc67,875422004819
1001,pc67,875422001320
1001,pc66,895556001102
1001,pc65,895556001065
1001,pc60,871034018343
1001,pc58,895556001331
1001,pc57,038389122051
1001,pc55,895556001782
1001,pc54,875422001948
1001,pc54,182607000369
1001,pc53,pcwd5
1001,pc52,875422006134
1001,pc51,884154979050
1001,pc50,875422008442
1001,pc49,625777142335
1001,pc48,838389030055
1001,pc47,839503008585
1001,pc46,667106789057
1001,pc45,871034018336
1001,pc43,895556001379
1001,pc43,875422005915
1001,pc40,871034019562
1001,pc39,875422001146
1001,pc37,895556001010
1001,pc36,838389178054
1001,pc32,798304124330
1001,pc31,875422005892
1001,pc28,844698044546
1001,pc27,895556001102
1001,pc26,949836603200
1001,pc25,871034019555
1001,pc24,871034019067
1001,pc220,912401810129
1001,pc219,844698037470
1001,pc218,625777142342
1001,pc217,884154427025
1001,pc216,895556001201
1001,pc214,844698033755
1001,pc213,875422001887
1001,pc211,875422008459
1001,pc210,646279599625
1001,pc210,646279599601
1001,pc21,871034015243
1001,pc209,875422000736
1001,pc208,895556001324
1001,pc207,895556001850
1001,pc206,895556001805
1001,pc205,895556001096
1001,pc204,895556001218
1001,pc204,182607000352
1001,pc202,884154450023
1001,pc201,895556001898
1001,pc14,895556001119
1001,pc13,884154411055
1001,pc12,871034013836
1001,pc11,895556001591
1001,pc11,182607000123
1001,pc105,895556001034
1001,pc104,895556001508
1001,pc103,895556001164
1001,pc102,895556001836
1001,pc100,895556001690
1001,pc1,884154977025
1001,paper towel,097464901400
1001,paper towel,037000211969
1001,paper towel, 037000288381
1001,p083820123609,083820123609
1001,old trapper stick,079694104400
1001,old trapper stick,079694103403
1001,old trapper stick,079694102406
1001,old trapper 299,079694223026
1001,old trapper 299,079694221022
1001,old trapper 10oz,079694225129
1001,old trapper 10oz,079694223125
1001,old trapper 10oz,079694222128
1001,old trapper 10oz,079694221121
1001,need3,028200310224
1001,milk half gallon 2,078255001127
1001,milk half gallon 2,072935011000
1001,milk half gallon,078255001523
1001,milk half gallon,072935059705
1001,milk half gallon,072935010201
1001,milk gallon1,078255001097
1001,milk gallon1,072935011604
1001,milk gallon,078255001530
1001,milk gallon,072935011703
1001,milk 315ml 3,072935014100
1001,milk 315ml 2,072935053208
1001,milk 315ml 1,072935011208
1001,lighter economic,693476181009
1001,lays dip 3.7oz,284563
1001,lays dip 15oz,028400070959
1001,lays dip 15oz,028400070942
1001,king henry 299,610546501024
1001,king henry 199,610546456669
1001,king henry 199,610546455426
1001,king henry 199,610546454429
1001,king henry 199,610546454283
1001,king henry 199,610546454023
1001,king henry 199,610546453705
1001,king henry 199,610546453682
1001,king henry 199,610546453668
1001,king henry 199,610546453644
1001,king henry 199,610546453620
1001,king henry 199,610546453606
1001,king henry 199,610546453545
1001,king henry 199,610546453521
1001,king henry 199,610546453507
1001,king henry 199,610546452425
1001,king henry 199,610546452340
1001,king henry 199,610546451800
1001,king henry 199,610546451749
1001,king henry 199,610546451688
1001,king henry 199,610546451589
1001,king henry 199,610546451466
1001,king henry 199,610546451442
1001,king henry 199,610546451428
1001,king henry 199,610546451305
1001,king henry 199,610546451282
1001,king henry 199,610546451268
1001,king henry 199,610546451220
1001,king henry 199,610546451206
1001,king henry 199,610546451190
1001,king henry 199,610546451183
1001,king henry 199,610546451145
1001,king henry 199,610546451107
1001,king henry 199,610546451060
1001,king henry 199,610546451046
1001,king henry 199,610546451039
1001,king henry 199,610546451022
1001,jacklinks Sasquatch,017082897923
1001,jacklink super stick,017082890344
1001,jacklink super stick,017082890030
1001,jacklink super stick,017082890023
1001,jacklink super stick,017082890016
1001,jacklink super stick,017082880635
1001,jacklink super stick,017082880628
1001,jacklink super stick,017082880611
1001,jacklink super stick,017082880604
1001,jacklink stick,017082897602
1001,jacklin 999,017082702463
1001,haagenDazs 4oz cup,074570651726
1001,haagenDazs 4oz cup,074570651719
1001,haagenDazs 4oz cup,074570651108
1001,haagenDazs 4oz cup,074570651092
1001,haagenDazs 4oz cup,074570082025
1001,haagenDazs 4oz cup,074570082018
1001,haagendaz bar,074570146000
1001,haagendaz bar,074570036004
1001,haagendaz bar,074570026005
1001,haagendaz bar,074570016006
1001,haagendaz bar,074570006007
1001,grandma 2.25oz mix,028400079174
1001,grandma 2.25oz mix,028400079167
1001,grandma 2.25oz mix,028400079150
1001,grandma 2.25oz mix,028400079143
1001,grandma 2.25oz mix,028400001526
1001,frito lay 2/1,029000090422
1001,frito lay 2/1,029000075375
1001,frito lay 2/1,028400078436
1001,frito lay 2/1,028400078412
1001,frito lay 2/1,028400078405
1001,frito lay 2/1,028400078399
1001,frito lay 2/1,028400078368
1001,frito lay 2/1,028400070874
1001,frito lay 2/1,028400070836
1001,frito lay 2/1,028400070799
1001,frito lay 2/1,028400051880
1001,frito lay 2/1,028400045483
1001,frito lay 2/1,028400045476
1001,frito lay 2/1,028400045469
1001,frito lay 2/1,028400039079
1001,frito lay 2/1,028400039062
1001,frito lay 2/1,028400039055
1001,frito lay 1,028400078351
1001,frito lay 1,028400070911
1001,frito lay 1,028400070904
1001,frito lay 1,028400070898
1001,frito lay 1,028400038881
1001,flower 199,701511270479
1001,flower 199,018505130160
1001,fl snack,028400079211
1001,fl snack,028400079204
1001,fl snack,028400079198
1001,fl snack,028400079181
1001,energy drink 1.99,897561001009
1001,energy drink 1.99,895942000047
1001,energy drink 1.99,892143001019
1001,energy drink 1.99,892143001002
1001,energy drink 1.99,859561001007
1001,energy drink 1.99,833050007787
1001,energy drink 1.99,786162312020
1001,energy drink 1.99,684623447765
1001,energy drink 1.99,684623447741
1001,energy drink 1.99,620221209084
1001,energy drink 1.99,186770000720
1001,energy drink 1.99,186770000690
1001,energy drink 1.99,080793805006
1001,energy drink 1.99,080793804856
1001,energy drink 1.99,070847811558
1001,energy drink 1.99,027434021555
1001,egg,072935018504
1001,dogfood 375,023100010779
1001,dogfood 375,023100010700
1001,dogfood 375,023100010045
1001,dlish,748252260109
1001,dlish,748252260000
1001,dlish,748252259905
1001,dlish,748252259806
1001,dlish,748252259707
1001,dlish,748252259608
1001,dlish,748252259509
1001,dlish,748252259400
1001,dlish,748252259301
1001,dlish,748252259202
1001,dlish,748252259103
1001,dlish,748252259004
1001,dlish,748252258908
1001,dlish,748252258809
1001,dlish,748252258700
1001,dlish,748252258601
1001,dlish,748252258502
1001,dlish,748252258403
1001,dlish,748252258304
1001,dlish,748252258205
1001,dlish,748252258106
1001,dlish,748252258007
1001,dlish,748252257901
1001,dlish,748252257802
1001,dlish,748252257703
1001,dlish,748252257604
1001,dlish,748252257505
1001,dlish,748252257406
1001,dlish,748252257307
1001,dlish,748252257208
1001,dlish,748252257109
1001,dlish,748252257000
1001,dlish,748252256904
1001,dlish,748252256805
1001,dlish,748252256706
1001,dlish,748252256607
1001,dlish,748252256508
1001,dlish,748252256409
1001,dlish,748252256300
1001,dlish,748252256201
1001,dlish,748252256102
1001,dlish,748252255907
1001,dlish,748252255808
1001,dlish,748252255709
1001,dlish,748252255600
1001,dlish,748252255501
1001,dlish,748252255402
1001,comb,013114616364
1001,catfood 5.5oz,050000424443
1001,catfood 5.5oz,050000423347
1001,catfood 5.5oz,050000423149
1001,catfood 5.5oz,050000422845
1001,candy25,140872
1001,candy25,107083
1001,candy25,041770047604
1001,candy25,041770046003
1001,candy10,75023010
1001,candy10,75023003
1001,candy10,75022990
1001,candy10,75022983
1001,candy10,75022976
1001,candy10,75022952
1001,candle,882934889421
1001,candle,882934889261
1001,candle,882934889247
1001,candle,882934889223
1001,candle,7503002398050
1001,candle,7503002398036
1001,bridgeford 499,070411032372
1001,bridgeford 499,047500006576
1001,bridgeford 199,047500004909
1001,bridgeford 199,047500004893
1001,bread,045000110038
1001,bic small,703324
1001,bic large,676758233153
1001,bic large,070330622388
1001,bic large,070330600065
1001,ben & jerry pint,077567046147
1001,ben & jerry pint,077567046130
1001,ben & jerry pint,077567046123
1001,ben & jerry pint,077567046116
1001,ben & jerry pint,076840400348
1001,ben & jerry pint,076840400232
1001,ben & jerry pint,076840400164
1001,ben & jerry pint,076840400058
1001,ben & jerry pint,076840102051
1001,ben & jerry pint,076840101832
1001,ben & jerry pint,076840101320
1001,ben & jerry pint,076840101184
1001,ben & jerry pint,076840100811
1001,ben & jerry pint,076840100583
1001,ben & jerry pint,076840100552
1001,ben & jerry pint,076840100477
1001,ben & jerry pint,076840100354
1001,ben & jerry pint,076840100187
1001,ben & jerry pint,076840100156
1001,ben & jerry pint,076840100149
1001,ben & jerry pint,076840100125
1001,ben & jerry pint,076840100071
1001,ben & jerry pint,076840100057
1001,ben & jerry pint,076840100040
1001,ben & jerry pint,076840042494
1001,ben & jerry pint,076840036745
1001,ben & jerry bar,077567051417
1001,ben & jerry bar,076840200344
1001,ben & jerry bar,076840200320
1001,ben & jerry bar,076840200313
1001,ben & jerry bar,076840200290
1001,ben & jerry bar,076840100361
1001,ben & jerry bar,076840100330
1001,ben & jerry bar,076840100323
1001,ben & jerry bar,076840100316
1001,Beef Jerky 1,092116008148
1001,battery d 2pk,5000394033610
1001,battery d 2pk,073096500174
1001,battery d 2pk,041333213019
1001,battery d 2pk,041333000985
1001,battery d 2pk,039800011398
1001,battery c 2pk,5000394033627
1001,battery c 2pk,073096500204
1001,battery c 2pk,041333214016
1001,battery c 2pk,039800011367
1001,battery aaa 4pk,8888021200126
1001,battery aaa 4pk,4891259524104
1001,battery aaa 4pk,041333424019
1001,battery aaa 2pk,5000394026568
1001,battery aaa 2pk,073096500266
1001,battery aaa 2pk,041333224015
1001,battery aaa 2pk,039800035967
1001,battery aa 4pk,5000394026599
1001,battery aa 4pk,4891259324100
1001,battery aa 4pk,073096500235
1001,battery aa 4pk,041333415017
1001,battery aa 2pk,5000394026711
1001,battery aa 2pk,4891259322106
1001,battery aa 2pk,041333215013
1001,battery aa 2pk,039800015464
1001,battery 9v 2pk,073096500303
1001,battery 9v 2pk,041333116013
1001,Barcel 299,757528008680
1001,Barcel 299,757528008581
1001,Barcel 299,757528003180
1001,Barcel 299,757528001322
1001,Barcel 299,757528001148
1001,Barcel 299,757528001117
1001,Barcel 299,757528001100
1001,Barcel 299,074323096323
1001,Barcel 299,074323078190
1001,Barcel 299,074323033519
1001,Barcel 299,074323027518
1001,Barcel 149,757528009205
1001,Barcel 149,757528008833
1001,Barcel 149,757528008826
1001,Barcel 149,757528008819
1001,Barcel 149,757528008802
1001,Barcel 149,757528003364
1001,Barcel 149,757528003111
1001,Barcel 149,757528001087
1001,Barcel 149,074323096262
1001,Barcel 149,074323078336
1001,Barcel 149,074323063912
1001,Barcel 149,074323058000
1001,Barcel 149,074323043587
1001,Barcel 149,074323033465
1001,Barcel 149,074323031591
1001,Barcel 149,074323027532
1001,bailey 50 flavor,086767701770
1001,bag,179594140437
1001,b2g1f reynold,012300250672
1001,b2g1f reynold,012300250665
1001,b2g1f phillip,028200195739
1001,b2g1f phillip,028200194336
1001,b2g1f phillip,028200194329
1001,b2g1f phillip,028200194312
1001,b2g1f phillip,028200194299
1001,b2g1f phillip,028200194282
1001,b2g1f phillip,028200194275
1001,b2g1f phillip,028200194251
1001,b2g1f phillip,028200194213
1001,b2g1f phillip,028200193261
1001,b2g1f phillip,028200193193
1001,b2g1f phillip,028200192332
1001,b2g1f phillip,028200191083
1001,b2g1f phillip,028200172891
1001,b2g1f,028200172877
1001,b2g1f,026100004991
1001,b2g1f,026100004984
1001,b1g1f reynold,027200364336
1001,b1g1f reynold,027200364251
1001,b1g1f reynold,027200359912
1001,b1g1f reynold,027200359776
1001,b1g1f reynold,027200359769
1001,b1g1f reynold,027200359752
1001,b1g1f reynold,027200343508
1001,b1g1f reynold,027200337637
1001,b1g1f reynold,027200101580
1001,b1g1f reynold,027200101573
1001,b1g1f reynold,012300360784
1001,b1g1f reynold,012300360777
1001,b1g1f reynold,012300350884
1001,b1g1f reynold,012300350877
1001,b1g1f reynold,012300350242
1001,b1g1f reynold,012300350235
1001,b1g1f reynold,012300350228
1001,b1g1f reynold,012300350211
1001,b1g1f reynold,012300341646
1001,b1g1f reynold,012300341639
1001,b1g1f reynold,012300339759
1001,b1g1f reynold,012300339742
1001,b1g1f reynold,012300332903
1001,b1g1f reynold,012300316552
1001,b1g1f reynold,012300316545
1001,b1g1f reynold,012300200035
1001,b1g1f reynold,012300200028
1001,b1g1f reynold,012300198820
1001,b1g1f reynold,012300198769
1001,b1g1f reynold,012300198745
1001,b1g1f reynold,012300198646
1001,b1g1f reynold,012300198639
1001,b1g1f reynold,012300198431
1001,b1g1f reynold,012300198417
1001,b1g1f reynold,012300192774
1001,b1g1f phillip 1,028200174024
1001,b1g1f phillip 1,028200173256
1001,b1g1f phillip 1,028200173218
1001,b1g1f phillip 1,028200172815
1001,b1g1f phillip 1,028200172785
1001,b1g1f phillip 1,028200172594
1001,b1g1f phillip,028200195838
1001,b1g1f phillip,028200195715
1001,b1g1f phillip,028200195692
1001,b1g1f phillip,028200195623
1001,b1g1f phillip,028200195074
1001,b1g1f phillip,028200194411
1001,b1g1f phillip,028200194398
1001,b1g1f phillip,028200194169
1001,b1g1f phillip,028200194152
1001,b1g1f phillip,028200194121
1001,b1g1f phillip,028200194084
1001,b1g1f phillip,028200194077
1001,b1g1f phillip,028200194060
1001,b1g1f phillip,028200193841
1001,b1g1f phillip,028200193377
1001,b1g1f phillip,028200192363
1001,b1g1f phillip,028200191748
1001,b1g1f phillip,028200190086
1001,b1g1f phillip,028200174727
1001,b1g1f phillip,028200174383
1001,b1g1f phillip,028200174376
1001,b1g1f phillip,028200174352
1001,b1g1f phillip,028200173980
1001,b1g1f phillip,028200173973
1001,b1g1f phillip,028200173362
1001,b1g1f phillip,028200172921
1001,b1g1f phillip,028200172914
1001,b1g1f phillip,028200172853
1001,b1g1f phillip,028200172839
1001,b1g1f newport,026100004496
1001,b1g1f newport,026100004472
1001,b1g1f newport,026100004465
1001,b1g1f,090600000906
1001,94922567612,785106522976
1001,90162602,611269991000
1001,894786000084,686790142290
1001,892049000758,080686110040
1001,880047,088004004804
1001,880047,088004000073
1001,880046,088004004811
1001,880046,088004000066
1001,877330,822130
1001,877330,087000007338
1001,877250,082000741633
1001,877025000137,008077101132
1001,877025000113,008077101118
1001,877025000106,008077101101
1001,872710,087000002715
1001,871890,835229003309
1001,855030,085000005033
1001,853930,085000003930
1001,853830,085000003831
1001,853810,085000003817
1001,853790,085000003794
1001,853237001230,853237001193
1001,853237000363,853237000165
1001,851780002124,851780002452
1001,835229005426,835229005303
1001,835229000308,835229000988
1001,835229000308,835229000704
1001,834266003822,834266003921
1001,834266001101,834266001088
1001,825680,811538010948
1001,822160,823610
1001,822070,823640
1001,821890,823630
1001,821280,082000001287
1001,820100,082000000105
1001,819046000444,819046000321
1001,818094000802,818094000383
1001,816518012172,816518012196
1001,816518011991,816518012233
1001,816518011977,816518010864
1001,812319018252,812319017705
1001,812319015480,812319017644
1001,811538010337,811538010511
1001,811538010139,811538010412
1001,793573107510,852876004008
1001,781610,078000001617
1001,780750,078000000757
1001,780340,078000000344
1001,780280,078000000283
1001,751667009188,751667067553
1001,751667001083,751667097796
1001,748927028799,748927027235
1001,744607069205,744607228480
1001,736040008613,083089003971
1001,721059247528,811538014038
1001,721059247511,811538014236
1001,721059227506,811538010238
1001,720815930636,720815931534
1001,712199070824,095600002400
1001,705105593616,705105596112
1001,705105593616,705105595214
1001,700729253748,820103691123
1001,689768111007,811538012072
1001,686464455008,686464521000
1001,678108144317,678108144430
1001,646511006546,646511005242
1001,646511006515,646511005235
1001,646511006508,646511005211
1001,646511006133,646511007277
1001,646511006010,646511007222
1001,646511006003,646511007239
1001,6440024423302,8801551103026
1001,633438700091,852832105411
1001,631656760323,631656701388
1001,631656700725,631656760583
1001,631656700589,631656760316
1001,631656700336,631656760354
1001,631656700305,631656760552
1001,631656700305,631656701760
1001,631656700299,631656760545
1001,631656700299,631656701746
1001,631656700282,631656760538
1001,631656700282,631656702224
1001,631656700237,631656701418
1001,631656700220,631656701463
1001,631656700206,631656760446
1001,631656700190,631656760347
1001,631656700183,631656760439
1001,631656602029,631656602593
1001,631656201130,631656700862
1001,631656201123,631656700879
1001,617768111758,617768121757
1001,613008722111,613008722135
1001,613008715267,613008722418
1001,611269818994,9002490206000
1001,610764830869,610764384782
1001,610764830821,610764384744
1001,610764830807,610764384720
1001,610466016554,634858000662
1001,610466016554,634858000013
1001,610466016554,018505128594
1001,610466016554,018505128570
1001,610466016554,018505128563
1001,610466016554,018505128556
1001,610466016554,018505128549
1001,610466016554,018505128532
1001,610466016554,018505128525
1001,610079524736,610079524750
1001,496630,049000050110
1001,496390,049000050103
1001,495510,049000050158
1001,495220,049000005226
1001,490080,495480
1001,455490,888109010102
1001,451450,888109010010
1001,451390,888109010065
1001,451040,888109010171
1001,450390,888109050030
1001,443820,044000003821
1001,433053,433353
1001,425701,425431
1001,425521,421921
1001,412446,041244990108
1001,404230,404050
1001,404210,404340
1001,401020,040000424314
1001,400230,404350
1001,400210,404190
1001,400030,040000422082
1001,323900001275,323900010765
1001,320190,032000000254
1001,318442,012000071782
1001,317833,317823
1001,307660739197,307660741206
1001,288632,287742
1001,288422,288432
1001,288422,287232
1001,287722,287312
1001,283612,283592
1001,282692,288172
1001,264711,261301
1001,259353,025900151614
1001,259053,025900151539
1001,229110,226650
1001,228440,022000112149
1001,210160,044000011574
1001,1pk phillip 3,028200176967
1001,1pk phillip 3,028200174925
1001,1pk phillip 3,028200174789
1001,1pk phillip 3,028200174765
1001,1pk phillip,028200174970
1001,1pk phillip,028200174734
1001,1pk phillip,028200174642
1001,1pk phillip,028200174345
1001,1pk phillip,028200174321
1001,1pk phillip,028200174017
1001,1pk phillip,028200173966
1001,1pk phillip,028200173836
1001,1pk phillip,028200173829
1001,1pk phillip,028200173812
1001,1pk phillip,028200173690
1001,1pk phillip,028200173652
1001,1pk phillip,028200173645
1001,1pk phillip,028200173614
1001,1pk phillip,028200173591
1001,1pk phillip,028200173461
1001,1pk deal reynold 2,012300502719
1001,1pk deal reynold 2,012300502689
1001,1pk deal reynold 2,012300502603
1001,1pk deal reynold 2,012300502573
1001,1pk deal reynold 2,012300367493
1001,1pk deal reynold 2,012300367462
1001,1pk deal reynold 2,012300118835
1001,1pk deal reynold,028200174062
1001,1pk deal reynold,012300368193
1001,1pk deal reynold,012300368186
1001,1pk deal reynold,012300367288
1001,1pk deal reynold,012300367196
1001,1pk deal reynold,012300367165
1001,1pk deal reynold,012300323734
1001,1pk deal reynold,012300323727
1001,1pk deal reynold,012300118163
1001,1pk deal phillip 2,028200173348
1001,1pk deal PallMall,273912
1001,1pk deal PallMall,273882
1001,1pk deal PallMall,273872
1001,1pk deal PallMall,027200347469
1001,1pk deal newport,266671
1001,1pk deal newport,266661
1001,189622,018200250149
1001,187462,018200255083
1001,187452,018200255090
1001,185952,018200255052
1001,185312,018200250125
1001,184682,018200250019
1001,184672,018200250118
1001,184662,018200250002
1001,183592,018200250088
1001,182662,018200250095
1001,182312,018200250033
1001,182252,018200250026
1001,181702,018200255106
1001,180530000593,610764384768
1001,166723,016600000739
1001,123593,123133
1001,121290,012000030659
1001,096619159895,6924180200880
1001,096619159895,6924180010205
1001,094922339676,094922368942
1001,094877,072890004789
1001,094187018873,094187028322
1001,093922015238,093922034239
1001,090478212432,090478410111
1001,090478212432,090478212159
1001,090478212401,090478410098
1001,090478212142,090478410043
1001,090478212135,090478415031
1001,090478212135,090478410036
1001,090478212128,090478415024
1001,090478212128,090478410135
1001,090478212128,090478410029
1001,090478212111,090478415017
1001,090478212111,090478410012
1001,089819813186,098137000222
1001,089540436814,083664871735
1001,089540436593,083664871773
1001,089540436593,083664870561
1001,089540436586,083664871766
1001,089540436586,083664870554
1001,089540168449,080686821601
1001,088544019054,088544220078
1001,088320002010,835229009349
1001,088130994642,613008735470
1001,088130994635,613008735159
1001,088110955342,088076172104
1001,088110931032,081753815844
1001,088110554057,081753811020
1001,088110153021,088110153052
1001,088110153021,081753816575
1001,088110151058,081753824235
1001,088110151058,081753821265
1001,088110151058,081753818494
1001,088110151058,081753813819
1001,088110150556,081753824228
1001,088110150525,081753815615
1001,088110110604,088110110642
1001,088110080020,088076171541
1001,088110070052,088076175587
1001,088110021191,088110021191
1001,088110021191,088110021092
1001,088110021108,088110021139
1001,088110011109,088110011130
1001,088110011093,088110011192
1001,088100134658,088100134559
1001,088076171985,088076169029
1001,088076171978,088076169050
1001,088076171978,080432568170
1001,088076168985,080432566176
1001,088076163171,088076168794
1001,088004146689,088004144692
1001,088004060473,088004004835
1001,088004010140,088004011543
1001,087692112167,087692102007
1001,087236700058,736040018728
1001,087236002596,087236002404
1001,087236002114,3024480008605
1001,087236001247,087236001575
1001,087236001162,3024482270123
1001,087236001162,087236001544
1001,087116069688,081753816308
1001,087116069688,081753815981
1001,087000700703,082000744917
1001,087000550155,080432101261
1001,087000550124,080432400999
1001,087000550124,080432107164
1001,086819539542,089819539543
1001,086767210067,086767702517
1001,086154151317,090478321202
1001,086154151317,090478321004
1001,086154151317,086154050399
1001,085246139431,085246500125
1001,085156515417,085156375011
1001,085156007509,085156175017
1001,084380420085,084380420283
1001,083960138037,087236400033
1001,083664870578,083664871780
1001,083300075251,081753810849
1001,083089710008,083089004015
1001,083089660358,083089660938
1001,083089660174,083089660198
1001,083089570350,080480282059
1001,083089560009,080480281038
1001,083089550154,080480280055
1001,083089524001,083089660921
1001,083089524001,083089660211
1001,083089524001,083089660006
1001,083078113179,792554620017
1001,083078113179,083078113148
1001,083078112110,083078113155
1001,082422659721,080686831129
1001,082422657444,080686836025
1001,082422470852,080686836032
1001,082422437305,080686836018
1001,082422020149,082422499723
1001,082417280107,691374333933
1001,082417280107,691374333032
1001,082184090503,082184090510
1001,082184090466,082184220450
1001,082184090466,082184082201
1001,082184087008,082184046791
1001,082184083062,082184038710
1001,082011273260,788714032455
1001,082000743767,811538010931
1001,082000743736,811538011594
1001,082000743736,811538010856
1001,082000725183,082000729082
1001,082000193012,811538010887
1001,082000192954,811538010924
1001,081753810818,083300075046
1001,081128074111,081128574116
1001,081128074111,081128074104
1001,081128023164,081128023188
1001,081128000011,081128723347
1001,080696921261,080696922077
1001,080696921261,080696921261
1001,080686835059,080686835059
1001,080686835028,080686835219
1001,080686832010,082422650759
1001,080686832010,080686832010
1001,080686831013,080686831013
1001,080686821700,080686821700
1001,080686821052,089540168432
1001,080686748038,082422010249
1001,080686748038,080686748038
1001,080686353409,080686615408
1001,080686001607,080686001614
1001,080660954097,080660954080
1001,080660203010,080660203102
1001,080480545406,089756260449
1001,080480505400,080480505417
1001,080480400644,080480401658
1001,080480400637,080480401641
1001,080480301149,804864
1001,080480301033,080480301132
1001,080480301026,080480001216
1001,080480230005,080480230197
1001,080480170028,080480003562
1001,080480025205,080480980641
1001,080432555170,721059897501
1001,080432403884,720815983939
1001,080432402443,720815985629
1001,080432402412,720815986046
1001,080432400463,080432106099
1001,080432400463,080432104033
1001,080432400463,080432103302
1001,080432400395,080432106747
1001,080432400395,080432106082
1001,080244002176,080244005184
1001,080244002152,080244005160
1001,078250003287,078250004925
1001,078000082401,078000102406
1001,078000041408,078000041408
1001,078000001624,781620
1001,077567132802,077567132819
1001,076860002522,076860002522
1001,076860000290,076860001242
1001,076860000214,076860000214
1001,076314302031,076314302079
1001,076183163788,076183202029
1001,076183163764,076183202104
1001,076183163740,076183202005
1001,076183163726,076183202050
1001,076183163689,076183202111
1001,076183163641,076183202043
1001,076183163634,076183202036
1001,076183163573,076183202074
1001,076183163566,076183202012
1001,076150721058,076150721041
1001,076150721058,076150232233
1001,076150721058,076150232066
1001,073854008089,073854000922
1001,073360709494,613008735432
1001,073360709258,613008735418
1001,073010514096,078300084808
1001,073010514096,073010214095
1001,071990095161,071990095062
1001,071817000378,071817000378
1001,071649396502,071649119408
1001,071610300064,071610301801
1001,071610300026,071610301924
1001,071439005003,071439006017
1001,071146010147,071146010154
1001,070662030110,041789001437
1001,070662030073,041789001215
1001,070602439003,070602469000
1001,070334003046,070334003558
1001,070330617667,783147385529
1001,070330617667,070330633254
1001,070330617667,070330632714
1001,070330617667,070330622401
1001,070330617667,070330621459
1001,070330617667,070330620957
1001,070330617667,070330618534
1001,070330617667,070330610804
1001,070330617667,070330610767
1001,070330617667,070330604599
1001,070158000054,873750619750
1001,070158000054,070158572483
1001,070137100188,070137444398
1001,059280202543,229720
1001,058000070738,078000050738
1001,052000328684,052000208054
1001,052000328660,052000208115
1001,052000328660,052000208061
1001,052000324860,052000208085
1001,052000324822,052000208429
1001,052000324815,052000208443
1001,052000324815,052000104127
1001,051000042859,051000138019
1001,050700557151,050700557137
1001,050037014501,050037084405
1001,049000052343,049000059892
1001,049000051537,049000053418
1001,049000051162,049000024692
1001,049000051155,049000026603
1001,049000051155,049000024685
1001,049000017021,049000050271
1001,049000016352,049000050264
1001,049000016321,049000050257
1001,047995855253,047995855253
1001,047995855093,047995899523
1001,047995855093,047995899448
1001,047995855086,047995899400
1001,047995855086,047995855017
1001,047677229617,047677474192
1001,045529987692,045529988743
1001,045529987678,045529988729
1001,045529559110,045529589254
1001,045529556867,045529556676
1001,045529556843,045529556669
1001,045529556232,045529556706
1001,045529556201,045529556690
1001,044622040891,044622080200
1001,044622040891,044622080194
1001,044622040891,044622080187
1001,044600717005,044600304854
1001,044600717005,023857900606
1001,044000037420,019320015465
1001,042000240000,042000445108
1001,041800481002,041800319121
1001,041778821732,429641
1001,038200000919,038200000117
1001,037900990162,037900990025
1001,037000802358,037000137559
1001,037000377146,037000240990
1001,037000377122,038000845024
1001,037000377122,037000230113
1001,037000377061,038000844973
1001,037000377061,037000230069
1001,037000230045,038000845000
1001,037000229964,038000844966
1001,037000109112,037000232391
1001,037000018964,038000845017
1001,037000018964,037000230151
1001,036602074675,792554701785
1001,036602074507,792554701716
1001,036600828010,036600828096
1001,036600813313,036600813337
1001,031200200075,031200366276
1001,031200200075,031200230270
1001,028400157759,028400239820
1001,028400039246,028400156004
1001,028400039208,028400239882
1001,028400039208,028400157483
1001,028400039178,028400157865
1001,028400039161,028400239851
1001,028400039161,028400157841
1001,028400039130,028400239813
1001,028400039130,028400157506
1001,028400038775,028400156370
1001,028400038751,028400156363
1001,028400038676,028400156097
1001,028400038546,028400156073
1001,028400034180,028400160131
1001,028400033459,028400160148
1001,028200305329,028200305220
1001,028200305022,028200304728
1001,028200304629,028200304421
1001,028200304223,286262
1001,028200303622,028200304926
1001,028200301727,028200301925
1001,028000748586,028000895044
1001,028000504205,028000895037
1001,028000246303,028000772123
1001,028000245702,028000748586
1001,028000245702,028000515751
1001,028000201180,053859201180
1001,027200366026,071737981047
1001,024100203628,024100191345
1001,022918040770,766150125238
1001,022652191318,022652191462
1001,022652191318,022652191448
1001,022600642039,022600642053
1001,016900010728,016900010728
1001,016900010728,016900001009
1001,016000166097,016000166196
1001,014113911856,014113912631
1001,014054330372,014054320373
1001,012894868017,012354000681
1001,012300367370,012300201148
1001,012300367318,012300200677
1001,012300265707,012300356916
1001,012000033421,012000030864
1001,012000021367,319902
1001,009800123018,009800190034
