Kit_ID,ItemName,ItemNum,Quantity,Kit_Override
012300120135,Salem CT Box,123203,10,53.49
00876063002431,MuscleMilk 14oz CS Lt Straw,876063002332,12,29.99
011000106302,Grand Prix CT Box,116300,10,36.49
011000106388,Grand Prix CT Blue 100 Box,116380,10,36.49
011000126119,Eve CT 120 Men Slim Emerald,112980,10,45.99
012300101134,Camel NF CT Nonfilter Soft,123013,10,67.99
012300103138,Camel CT Box,123033,10,52.99
012300107136,Camel CT Gold Box,123073,10,52.99
012300112130,Winston CT Box,123123,10,53.49
012300119139,Winston CT Gold Box,123193,10,53.49
012300122139,Salem CT 100 Box,123223,10,53.49
012300124133,Salem CT Gold Box,123243,10,53.49
012300125130,Salem CT Gold 100 Box,123253,10,53.49
012300126137,Salem CT Slim Gold 100 Box,123263,10,53.49
012300128131,Salem CT Silver Box,123283,10,53.49
012300129138,Salem CT Silver 100 Box,123293,10,53.49
012300131131,Vantage CT 100 Box,123313,10,999.00
012300154130,Kamel CT Red Box,123543,10,52.49
012300155137,More Ct Red Soft,123553,10,64.99
012300158138,Doral CT MenGold 100 Box,123583,10,43.99
012300159135,Winston CT Gold 100 Box,123593,10,53.49
012300160131,More CT Menthol Soft,123603,10,64.99
012300173131,More Ct Gold Soft,123733,10,64.99
012300174138,More CT MenGold Soft,123743,10,64.99
012300177139,Kamel CT Red Gold Box,123773,10,52.49
012300193139,Camel CT Menthol Box,123933,10,52.99
012300194136,Camel CT MenGold Box,123943,10,52.99
012300197403,Camel CT Crush Box,012300197410,10,52.99
012300212137,Camel CT Silver 99 Box,012300200127,10,52.99
012300215138,Camel CT Silver Box,012300200158,10,52.99
012300220804,Doral Ct 100 Box,012300220798,10,43.99
012300220835,Doral CT Gold 100 Box,012300220828,10,43.99
012300260138,Camel CT Gold 99 Box,012300200608,10,52.99
012300265713,Camel CT Gold Box,012300265706,10,52.99
012300266567,Winston CT 100 Box,012300266550,10,53.49
012300302890,Camel CT Tk Royal Box,012300302883,10,52.99
012300327916,Camel CT Tk Silver Box,012300327909,10,52.99
012300356923,Camel CT No 9 Box,012300265707,10,52.99
012300356954,Camel CT Men No 9 Box,012300356947,10,52.99
012300703130,Winston CT Silver Box,012300703994,10,53.49
012300707138,Camel CT Wide Box,012300707992,10,52.99
012300708135,Camel CT Wide Gold Box,012300708999,10,52.99
012300842136,Doral CT MenGold Box,012300842990,10,43.99
012300844130,Doral CT Silver Box,012300844994,10,43.99
018200112355,Bud 24oz Case,184662,15,20.99
018200532351,Bud 24oz Case Light,184682,15,20.99
020400053581,Misty CT MenGold 120 Box,204353,10,45.59
025900205621,Swisher S CT 60 Grape,259353,60,40.99
025900206024,Swisher S CT 60 Mini,259553,60,40.99
025900206222,Swisher S CT 60 Chocolate,259123,60,40.99
025900206826,Swisher S CT 60 Mini Grape,259393,60,40.99
025900206925,Swisher S CT 60 Strawberry,259153,60,40.99
025900207243,Swisher S CT 60 Wine,259973,10,40.99
025900208929,Swisher S CT 60 Peach,259363,60,40.99
025900226022,Swisher S CT 60,259053,60,40.99
025900281212,King Edward CT,025900201210,10,999.00
025900282813,Swisher Little Ct Mild,025900202811,10,999.00
025900283209,Swisher Little Ct Cherry,025900203207,10,999.00
025900285937,Swisher Little Ct Grape,025900205935,10,999.00
025900417338,Optimo CT 60 Peach,259843,60,41.99
025900417437,Optimo CT 60 Grape,259853,60,41.99
025900491000,SantaFe CT 100 Soft,025900405502,10,18.99
025900491307,SantaFe CT 100 Soft Grape,025900405533,10,18.99
026100004274,Kent CT 100 Soft,264241,10,999.00
026100004373,Kent CT Soft,264341,10,999.00
026100005172,Kent CT Gold Soft,265141,10,999.00
026100005370,Kent CT Gold 100 Soft,265341,10,999.00
026100801279,Maverick CT Menthol 100 Box,261531,10,40.49
026100801552,Maverick CT Gold 100 Box,261551,10,40.49
026100805734,Newport CT 100 Box,265731,10,57.99
026100805758,Newport CT Box,265751,10,57.99
026100805765,Newport CT Gold Box,265761,10,57.99
026100805796,Newport CT Gold Soft,265791,10,57.99
026100805802,Newport CT Blue 100 Box,265801,10,57.99
026100805833,Newport CT Blue Box,265831,10,57.99
027200011148,Kool CT Blue 100 Box,275972,10,52.99
027200011162,Capri CT Magenta 120 Box,272162,10,67.99
027200011179,Capri CT Men Indio 120 Box,272172,10,67.99
027200011186,Kool CT Box,272522,10,52.99
027200011193,Kool CT 100 Box,275592,10,52.99
027200011261,Kool CT Blue Box,272322,10,52.99
027200011636,Capri CT Magenta 100  Box,272382,10,67.99
027200011643,Capri CT Men Indio 100 Box,272392,10,67.99
027200015009,Bugler CT,027200366026,12,999.00
027200018512,PallMall CT Box,278512,10,48.99
027200018543,PallMall CT Blue Box,278542,10,48.99
027200018598,PallMall CT MenGold Box,278592,10,48.99
027200018628,PallMall CT Blue 100 Box,278622,10,48.99
027200018659,PallMall CT Men 100 Box,278652,10,48.99
027200018673,PallMall CT 100 Box,278672,10,48.99
027200025688,GPC CT Silver 100 Box,273662,10,52.99
027200032501,Capri CT Violet 100 Box,276602,10,67.99
027200731527,PallMall CT Silver 100 Box,271852,10,48.99
028052020128,555 CT Box,280525,10,63.99
028200126405,Marlboro CT Blend 27 Box,282642,10,52.99
028200130303,Marlboro CT Smooth 100 Box,283032,10,52.99
028200132307,Marlboro CT Smooth Box,283232,10,52.99
028200135704,Marlboro CT Red Box,283572,10,52.99
028200135803,Marlboro CT Red Soft,283582,10,52.99
028200136107,Marlboro CT Menthol Box,283612,10,52.99
028200136206,Marlboro CT Red 100 Soft,283622,10,52.99
028200136305,Marlboro CT Red 100 Box,283632,10,52.99
028200136404,Marlboro CT Menthol 100 Box,283642,10,52.99
028200136800,Marlboro CT RedLabel Box,283682,10,52.99
028200136909,Marlboro CT RedLabel 100 Box,283692,10,52.99
028200137609,Marlboro CT Blue Box,283762,10,52.99
028200137708,Marlboro CT Blue 100 Box,283772,10,52.99
028200137807,Marlboro CT Gold Soft,283782,10,52.99
028200138408,Marlboro CT Gold Box,283842,10,52.99
028200138606,Marlboro CT 72 Silver Box,283862,10,52.99
028200140104,Marlboro CT MenGold Box,284012,10,52.99
028200142207,Marlboro CT SpecialB Gold,284222,10,52.99
028200142306,Marlboro CT SpecialB Gold 100 ,284232,10,52.99
028200143709,Marlboro CT Gold 100 Soft,284372,10,52.99
028200146502,Marlboro CT Gold 100 Box,284652,10,52.99
028200147103,Marlboro CT MenGold 100 Box,284712,10,52.99
028200147707,Marlboro CT Silver Box,284772,10,52.99
028200147806,Marlboro CT Silver 100 Box,284782,10,52.99
028200148100,Marlboro CT MenSil Box,284812,10,52.99
028200148506,Marlboro CT MenSil 100 Box,284852,10,52.99
028200156501,Marlboro CT SpecialB Red,285652,10,52.99
028200156808,Marlboro CT SpecialB Red 100 ,285682,10,52.99
028200172266,Benson CT Premium 100 Box,287222,10,65.49
028200172365,Benson CT Men Premium 100 Box,288422,10,65.49
028200172709,Benson CT Luxury 100 Box,287272,10,65.49
028200172808,Benson CT MenLuxury 100 Box,287282,10,65.49
028200172907,Benson CT Deluxe 100 Box,287292,10,65.49
028200173003,Benson CT MenDeluxe 100 Box,287302,10,65.49
028200173300,Virginia CT Gold Box,287332,10,57.99
028200173409,Virginia CT MenGold Box,287342,10,57.99
028200173508,Virginia CT Gold 120 Box,287352,10,57.99
028200174307,Virginia CT Silver Box,287432,10,57.99
028200174406,Virginia CT MenSilver Box,287442,10,57.99
028200177209,Virginia CT Box,287722,10,57.99
028200177407,Virginia CT Menthol Box,288632,10,57.99
028200178404,Parliament CT White Box,287842,10,56.99
028200179104,Parliament CT White 100 Box,287912,10,56.99
028200181503,Parliament CT Silver Box,288152,10,56.99
028200194107,Marlboro CT Blend 54 Box,289412,10,52.99
028200194206,Marlboro CT Blend 54 100 Box,289422,10,52.99
028200195807,Virginia CT Silver 120 Box,289582,10,57.99
028200195906,Virginia CT MenGold 120 Box,289592,10,57.99
028200196101,Marlboro CT 72 Men Blue Box,289612,10,52.99
028200196200,Marlboro CT 72 Men Green Box,289622,10,52.99
028200196309,Marlboro CT 72 Red Box,289632,10,52.99
028200196507,Marlboro CT 72 Gold Box,289652,10,52.99
028200197207,Marlboro CT Virginia Box,289722,10,52.99
028200197405,Marlboro CT Virginia 100 Box,289742,10,52.99
028200198204,Virginia CT SuperSlm Gold Box,289822,10,57.99
028200198303,Virginia CT SuperSlm MenGold B,289832,10,57.99
028200300812,Merit CT Gold 100 Soft,028200300829,10,61.99
028200300911,Merit CT Gold Box,028200300928,10,61.99
028200301413,Merit CT Blue 100 Box,028200301420,10,61.99
028200303615,Basic CT Silver 100 Box,028200303622,10,53.49
028200303714,Basic CT Box,028200303721,10,53.49
028200304018,Basic CT 100 Box,028200304025,10,53.49
028200304216,Basic CT MenGold Box,028200304223,10,53.49
028200304315,Basic CT Gold Box,028200304322,10,53.49
028200304513,Basic CT MenGold 100 Soft,028200304520,10,53.49
028200304612,Basic CT Gold 100 Box,028200304629,10,53.49
028200304810,Basic CT MenSil 100 Box,028200304827,10,53.49
028200305015,Basic CT Silver Box,028200305022,10,53.49
028200305312,Basic CT Menthol Box,028200305329,10,53.49
028200305411,Basic CT Nonfilter Soft,028200305428,10,53.49
028200309914,L&M CT Red 100 Box,028200309921,10,47.99
028200310217,L&M CT Blue 100 Box,028200310224,10,47.99
028200310415,L&M CT Men 100 Box,028200310422,10,47.99
028200317711,Marlboro CT NXT Box,028200317728,10,52.99
031700008362,GarciaVega Coronas Pk,317853,4,8.99
034100173463,Millers 24oz Case MGD,345551,12,999.00
034100573461,Millers 24oz Case Lite,343551,12,999.00
034100777463,Mickeys 24oz Case,342171,12,999.00
034100897468,Olde English 24oz Case,346121,12,999.00
043300020583,Carlton CT Men 100 Box,433363,10,67.99
043300020781,Carlton CT 100 Box,433053,10,67.99
043300029081,Carlton CT Box,433863,10,67.99
043300045180,LuckyStrike CT Nonfilter,433123,10,67.99
043300051082,Misty CT Gold Box,433943,10,45.59
043300052089,Misty CT MenGold Box,433953,10,45.59
043300065188,PallMall NF CT Nonfilter Soft,433163,10,67.49
043300075286,Tareyton CT Soft,433273,10,999.00
043300075385,Tareyton CT 100 Soft,433283,10,999.00
047995855178,American CT Black Box,047995855079,10,57.99
047995855185,American CT Blue Box,047995855086,10,57.99
047995855192,American CT Yellow Box,047995855093,10,57.99
047995855314,American CT Celadon Box,047995855215,10,57.99
047995855321,American CT Dark Green Box,047995855222,10,57.99
047995855338,American CT Orange Box,047995855239,10,57.99
047995855345,American Org CT Turquoise Box,047995855246,10,57.99
050545774911,Sherman CT MCD Box,050545754913,5,35.49
059300502943,Du Maurier CT Box,059300002948,8,999.00
070847811176,Monster 4pk Green,070847811169,4,999.00
070847811299,Monster 4pk Blue,070847811268,4,999.00
071610300170,Backwood CT Black n Sweet,071610300064,6,999.00
071990100728,Coors 24oz Case,071990100711,12,999.00
071990300661,Coors 24oz Case Light,071990300654,12,999.00
073100000614,Skoal 10pk LC Straight,730601,10,999.00
073100001383,Skoal 10Pk FC Wintergreen,731371,10,999.00
073100010958,Skoal 5pk LC Wintergreen,731481,5,999.00
073100014789,Skoal 5pk Pouch Wintergreen,733191,5,999.00
075926002551,GPC CT MenGold 100 Soft,075926002544,10,52.99
075926050255,GPC CT Menthol Soft,075926050248,10,52.99
075926050286,GPC CT Nonfilter Soft,075926050293,10,52.99
075926050316,GPC CT Box,075926050309,10,52.99
075926050354,GPC CT 100 Box,075926050347,10,52.99
075926050378,GPC CT Gold 100 Box,075926050361,10,52.99
076940191535,Wave CT Red 100 Box,076940291532,10,41.99
076940192099,ExportA CT Ultra Lt Box,076940292096,10,999.00
076940199500,Mild Seven CT,076940299507,10,999.00
078250003294,Steel 24oz Case,078250003287,12,999.00
080516130194,Riunite 4pk Lambrusco,080516135199,4,5.29
080660954097,Coronita CS,080660954011,4,19.99
080660957746,Modelo 24oz 3pk,080660957210,3,999.00
080720000566,GlenEllen 4pk Cab,080720000177,4,4.99
080720000597,GlenEllen 4pk White Zin,080720000092,4,4.99
082000729921,Jose RTD Marg 4pk Lime,821280,4,9.99
082100737031,AliceWhite 4pk Chard,082100012763,4,4.99
082200173904,,287392,10,
082200313911,,028200313928,10,
083804074712,Cooks 4pk Brut,083804077768,4,7.99
084704091212,Korbel Champ 4pk Brut,084704091229,4,13.99
085000001264,B&J 4pk Margarita,851270,4,4.49
085000001301,B&J 4pk Straw Daiquiri,851310,4,4.49
085000001387,B&J 4pk Pina Colada,851390,4,4.49
085000002056,B&J 4pk Fuzzy Navel,852080,4,4.49
085000002254,B&J 4pk Original,852240,4,4.49
085000002469,B&J 4pk Berry,852450,4,4.49
085000005170,Gallo 4pk White Zin,855800,4,4.99
085000005255,Gallo 4pk Cab,851590,4,4.99
085000005330,Gallo 4pk Chard,855420,4,4.99
085000011812,B&J 4pk Melon Splash,851090,4,4.49
085000041598,Gallo 4pk Merlot,851590,4,4.99
085000044421,TurningLeaf 4pk Chard,854420,4,5.99
085000044469,B&J 4pk Blue Hawaiian,854460,4,4.49
085000044711,B&J 4pk Tropical Mango,854710,4,4.49
085000044865,B&J 4pk Sangria,854860,4,4.49
085000045282,BareFoot 4pk Pinot Grigio,855280,4,5.99
085000045312,BareFoot 4pk White Zin,855310,4,5.99
085000045367,BareFoot 4pk Chard,855360,4,5.99
085000045466,BareFoot 4pk Merlot,855460,4,5.99
085000046067,Bella Sera 4pk Pinot Grigio,856060,4,5.99
085000048962,B&J 4pk Pome Raspberry,858960,4,4.49
085000049006,Gallo 4pk Pinot Noir,859000,4,4.99
085200028740,Sutter Home 4pk Fre,851032,4,2.99
085200118748,Sutter Home 4pk Zin,850012,4,5.99
085200118755,Sutter Home 4pk Pinot Grigio,850142,4,5.99
085200218745,Sutter Home 4pk Merlot,850022,4,5.99
085200518746,Sutter Home 4pk Cab,850052,4,5.99
085200618743,Sutter Home 4pk Chard,850062,4,5.99
085200718740,Sutter Home 4pk Sauv Blanc,850072,4,5.99
085200918744,Sutter Home 4pk White Zin,850092,4,5.99
085200918751,Sutter Home 4pk Moscato,850162,4,5.99
086003002593,Woodbridge 4pk White Zin,086003002456,4,4.99
086003002968,Woodbridge 4pk Pinot Grigio,086003002951,4,4.99
089819784639,Beringer White Zin 4pk,089819000999,4,5.99
089826302413,Tecate 24oz 3pk,089826001422,3,999.00
090600001408,Fortuna CT PaleBlue Box,906403,10,35.99
090600301119,USA CT 100 Box,906113,10,999.00
090600301164,USA CT Box,906163,10,999.00
090600301324,USA CT MenGold 100 Box,906323,10,999.00
090600301898,Fortuna CT Red 100 Box,906893,10,35.99
090600301904,Fortuna CT Blue 100 Box,906903,10,35.99
090600301911,Fortuna CT Men 100 Box,906913,10,35.99
090600530878,Bali Shag CT Halfzware Shag,090600530861,6,999.00
097421440409,PowerBarBox Rsugar Choc BP,097421440041,12,999.00
180530000616,MuscleMilk 17oz CS Chocolate,180530000517,12,38.99
180530000630,MuscleMilk 17oz CS Banna Crème,180530000531,12,38.99
180530000647,MuscleMilk 17oz CS CnC,180530000548,12,38.99
180530000654,MuscleMilk 17oz CS Mocha Latte,180530000555,12,38.99
180530000661,MuscleMilk 17oz CS Root Beer F,180530000562,12,38.99
180530000678,MuscleMilk 17oz CS Cho Mint,180530000579,12,38.99
180530000685,MuscleMilk 17oz CS Cho Malt,180530000586,12,38.99
180530000692,MuscleMilk 17oz CS Straw n Cre,180530000593,12,38.99
610764374486,RedLine 4pk Mandarin Orange,610764374479,4,999.00
610764374516,RedLine 4pk Grape,610764374509,4,999.00
610764374547,RedLine 4pk Green Apple,610764374530,4,999.00
610764374578,RedLine 4pk Princress E Fruit,610764374561,4,999.00
610764374608,RedLine 4pk Princess Grape,610764374592,4,999.00
610764374639,RedLine 4pk Princess Apple,610764374622,4,999.00
610764381538,RedLine 4pk Peach Mango,610764381521,4,999.00
610764385888,RedLine 4pk Triple Berry,610764384508,4,999.00
610764389015,RedLine 4pk Xtreme Tri Berry,610764389008,4,999.00
610764389046,RedLine 4pk Xtreme grape,610764389039,4,999.00
610764389107,Redline 4pk Xtreme Watermelon,610764389091,4,999.00
610764712042,Meltdown 4pk Exotic Fruit,610764712028,4,10.99
610764712073,MeltDown 4pk Peach Mango,610764712059,4,10.99
610764712097,MeltDown 4pk Waterlon,610764712080,4,10.99
610764830814,MusclePower CS 17oz Chocolate,610764830807,12,39.99
610764830838,MusclePower CS 17oz Vanilla,610764830821,12,39.99
610764830852,MusclePower CS 17oz Strawberry,610764830845,12,39.99
610764830876,MusclePower CS 17oz Banana,610764830869,12,39.99
610764830883,MusclePower 4pk 17oz Chocolate,610764830807,4,13.99
610764830890,MusclePower 4pk 17oz Vanilla,610764830821,4,13.99
610764830906,MusclePower 4pk 17oz Strawberr,610764830845,4,13.99
610764830913,MusclePower 4pk 17oz Banana,610764830869,4,13.99
610764840332,Bang 4pk Exotic Fruit,610764840325,4,13.99
610764840646,Bang 4pk Watermelon,610764840639,4,13.99
611269108026,RedBull 4Pk,90162602,4,6.49
611269109009,RedBull 4Pk Diet,611269101713,4,6.49
619682021427,XXL Wrap CT OGK,619682021403,25,14.99
639372020202,SupremeProtein BarBox Car Nut,639372020042,12,999.00
639372021216,SupremeProtein BarBox PB Cru,639372021209,12,999.00
639372021735,SupremeProtein BarBox Rck Rd B,639372021728,12,999.00
644225722387,PowerCrunch BarBox Fvan Cream,644225727382,12,19.99
644225722738,PowerCrunch BarBox PB Fudge,644225727733,12,19.99
644536226024,Blunt Wrap CT Straw Kiwi,644536226017,25,14.99
644536226123,Blunt Wrap CT GrapeALicious,644536226116,25,14.99
644536226222,Blunt Wrap CT Blueberry,644536226215,25,14.99
644536226420,Blunt Wrap CT Watermelon,644536226413,25,14.99
644536226925,Blunt Wrap Box Apple Martini,644536226918,25,14.99
644536227328,Blunt Wrap CT Mello Mango,644536227311,25,14.99
644536227625,Blunt Wrap CT Wet Cherry,644536227618,25,14.99
644536227922,Blunt Wrap Box Kush,644536227915,25,14.99
660726501214,MuscleMilk Lt BarBox Cho Pea C,660726501207,12,999.00
660726506219,MuscleMilk BarBox Cho Pea Car,660726506202,8,16.99
660726506318,MuscleMilk BarBox Bana Crème,660726506301,8,999.00
660726543603,MuscleMilk Oat 6pk Bbry n Crm,660726523605,6,13.99
705077002802,Musclebar BarBox Cho Brwn Xtr,705077002796,12,22.99
710779002203,LeanBody 17oz CS Cho IC,710779770096,12,39.99
710779002333,LeanBody 17oz CS Straw n Cream,710779770102,12,39.99
710779002340,LeanBody 17oz CS Bana n Cream,710779770119,12,39.99
710779118478,LeanBody BarBox Caramel Peanut,710779115484,12,32.99
719410400125,5Hour Energy Box Lemon Lime,719410400019,12,27.40
733913005878,Detour BarBox 30g Caramel Pea,733913005861,12,23.99
733913007551,Detour BarBox 30g Buzz,733913007544,12,23.99
743659122111,Promax BarBox Coconut Caramel,743659122104,12,16.99
743659123217,Promax BarBox Lemon Bar,743659123200,12,16.99
743659125839,Promax BarBox Cho Pea Crnch,743659125822,12,16.99
743659125938,Promax BarBox Dbl Fudge Browni,743659125945,12,16.99
743659126607,Promax BarBox Honey Peanut,743659125990,12,16.99
743659128007,Promax BarBox Blk Forest Cake,743659128014,12,16.99
749826000206,PureProtein BarBox Smores,749826000213,12,999.00
749826125527,PureProtein Barbox Cho PB,749826125602,12,999.00
749826125657,PureProtein BarBox Choc Deluxe,749826125688,12,999.00
749826150116,PureProtein BarBox Pea Mshmlw,749826150109,12,999.00
750262200327,Tequiloco 4pk,750262200310,4,5.99
751667000093,Djarum CT Special,751667067591,10,42.49
751667000253,Djarum CT Black,751667046954,10,42.49
751667000352,Djarum CT Gold,751667000369,10,42.49
751667001076,Dream CT Jubilee Blend Box,751667001083,5,999.00
751667001199,Dream CT Belgian Blend Box,751667001205,5,999.00
751667009171,Djarum CT Cherry,751667009188,10,42.49
751667009195,Djarum CT Vanilla,751667009201,10,42.49
751667047340,Dream CT Pink Box,751667047333,5,999.00
761073043751,Bali Shag CT Golden Shag,761073243755,6,999.00
784762072085,ZigZag Wrap CT Straight Up,784762071088,25,14.99
786560016223,ProteinPlus BarBox Cho Cho Chu,786560016216,12,27.99
786560016520,ProteinPlus BarBox Cho Rst Pea,786560016513,12,27.99
786560040129,Big100 BarBox PB CookieDough,786560040013,12,26.99
786560050128,Big100 BarBox Cchip Cookies Do,786560050012,12,26.99
786560071123,Big100 BarBox Cchip Graham Cra,786560071017,12,26.99
786560153133,Big100 BarBox Super Cook Crunc,786560153126,12,26.99
786560181426,Big100 BarBox Colssl PB Pretze,786560181402,12,26.99
787692835140,Muscle Brownie BarBox Tri-Cho,787692835133,12,21.99
788434113632,OhYeah BarBox PB & Straw,788434113625,12,26.99
788434114080,OhYeah BarBox Crm Van & Carame,788434114073,12,26.99
788434114417,OhYeah BarBox Almond Fudge Bro,788434114400,12,26.99
789502614037,PrimeTime CT 50 Cherry,789502614013,50,999.00
791083004510,Myoplex 4pk 17oz Cho Fudge,791083004442,4,13.99
791083004527,Myoplex CS 17oz Straw,791083004459,12,39.99
791083004534,Myoplex 4pk 17oz Fvannilla,791083004466,4,13.99
791083006125,Myoplex CS 17oz Cho Fudge,791083004442,12,39.99
791083006132,Myoplex CS 17oz Vanilla,791083004466,12,39.99
791083006453,Myoplex 4pk 17oz Cook n Cream,791083006446,4,13.99
814057200715,Shield CT Box,814057200708,10,35.99
814057300712,Shield CT Gold Box,814057300705,10,35.99
814057401716,Shield CT Men 100 Box,814057401709,10,35.99
814057501713,Shield CT Silver 100 Box,814057501706,10,35.99
814057600713,Shield CT 100 Box,814057600706,10,35.99
814057700710,Shield CT Gold 100 Box,814057700703,10,35.99
834266009602,No-Xplode NT Box FruitPunch,834266009619,30,49.99
834266009664,No-Xplode NT Box Grape,834266009671,30,49.99
834266009688,No-Xplode NT Box Blue Raz,834266009695,30,49.99
855449001244,Morph BarBox Choc Crml Pea,855449001237,9,19.99
876063002219,MuscleMilk 14oz CS Chocolate,876063002011,12,29.99
876063002226,MuscleMilk 14oz CS Vanilla,876063002028,12,29.99
876063002233,MuscleMilk 14oz CS Banana,876063002035,12,29.99
876063002288,MuscleMilk 14oz CS Malt,876063002080,12,29.99
876063002295,MuscleMilk 14oz CS Straw n Cre,876063002097,12,29.99
876063002417,MuscleMilk 14oz CS Lt Chocolat,876063002318,12,29.99
876063002424,MuscleMilk 14oz CS Lt Vanilla,876063002325,12,29.99
876063005517,MuscleMilk 17oz CS Lt Choco,876063005418,12,38.99
cs070847811169,Monster 16oz Cs Green,070847811169,24,33.99
cs070847811268,Monster 16oz Cs Blue,070847811268,24,33.99
